timestamp,id,data
0,0x18daf110,0x27,0x7c,0xb1,0xc4,0x7f,0x8b,0x46,0x84
10,0x18da10f1,0xd1,0xca,0x95,0xf7,0xc2,0x8d,0x39,0x6f
20,0x456,0x4c,0xef,0xe5,0xf,0xf1,0x6f,0x85,0x13
30,0x18da10f1,0xa4,0x46,0xf1,0x35,0x6f,0x41,0x7e,0xe6
40,0x18daf110,0x47,0x47,0x84,0x2c,0xd1,0xca,0x3e,0xa9
50,0x18daf110,0x4f,0x46,0xec,0xb1,0x88,0x61,0x4a,0x35
60,0x456,0x56,0xa6,0x6d,0x95,0xb1,0x36,0xba,0x82
70,0x18daf110,0x73,0xd0,0xf5,0x8,0x1e,0x7e,0x8b,0xd3
80,0x123,0xfd,0x1,0x7a,0xd,0x48,0xaf,0xf4,0x36
90,0x18da10f1,0x4d,0x36,0x2f,0x5a,0x2e,0x9c,0x97,0x9
100,0x18da10f1,0xa,0x6e,0x31,0xd,0xbc,0x8,0xb8,0x11
110,0x123,0xd,0x1c,0xff,0x9a,0xb2,0x8c,0xc8,0x19
120,0x18daf110,0x89,0x27,0x5c,0xef,0xfa,0xaf,0x90,0xa8
130,0x18da10f1,0xa8,0xa1,0x13,0x47,0x7e,0xff,0x59,0xb
140,0x123,0xa8,0x70,0x56,0xc6,0x4a,0x1,0xc7,0x39
150,0x18da10f1,0x68,0x70,0x19,0xd7,0xc8,0x22,0xe4,0x50
160,0x18daf110,0xa,0x8f,0x77,0xfa,0x1f,0xc1,0xed,0xbe
170,0x456,0x1f,0xee,0x45,0x5d,0x6e,0x26,0x54,0x6f
180,0x18daf110,0x5d,0xb6,0x69,0x4c,0x2c,0x38,0x35,0xe4
190,0x18da10f1,0xf5,0x28,0x32,0x35,0xec,0xed,0x0,0x94
200,0x18da10f1,0x81,0xc0,0xf7,0x7c,0x85,0xa6,0x3b,0xca
210,0x18da10f1,0x80,0x1a,0xaf,0xa0,0xd9,0x60,0xdb,0x61
220,0x18da10f1,0xc7,0x4e,0x54,0x8b,0x35,0xb8,0x24,0x97
230,0x456,0x6a,0x1c,0xd6,0x95,0x96,0x1b,0x7,0xdc
240,0x456,0xdb,0x41,0x71,0x1f,0x49,0x11,0x19,0xa4
250,0x18da10f1,0xb4,0xc3,0x46,0x36,0x2f,0xb5,0xe9,0x9b
260,0x456,0xfd,0xa6,0x13,0x5a,0x96,0xa,0x3f,0x94
270,0x18daf110,0xfc,0x86,0xdf,0x93,0x56,0x39,0x7f,0xb1
280,0x123,0xdf,0x69,0x6b,0x7d,0x23,0xfc,0xc,0x6d
290,0x18daf110,0x8b,0xa3,0xbe,0xf4,0xd8,0xd7,0x3e,0x15
300,0x18daf110,0x9d,0x25,0xac,0xce,0xf,0x6c,0x3a,0x4a
310,0x18daf110,0x9b,0x3b,0x84,0x57,0x95,0x66,0x72,0x68
320,0x123,0x90,0x7,0xe1,0x1,0x60,0x4a,0x5f,0x83
330,0x18da10f1,0x60,0x76,0x85,0x5d,0x1f,0x80,0x4b,0x15
340,0x123,0x7c,0x20,0x97,0xd4,0xea,0xe6,0x1f,0x8d
350,0x123,0xe1,0xf0,0xc2,0x9d,0x3,0x16,0xec,0xea
360,0x456,0xbb,0x87,0x0,0xce,0xcb,0xc8,0xa4,0x9d
370,0x456,0xbd,0x88,0x5a,0x2a,0x54,0x9a,0x13,0x59
380,0x18da10f1,0xfa,0x24,0x8f,0xee,0xb4,0x8d,0x61,0xd4
390,0x456,0x62,0x1b,0x2a,0x61,0xa,0xd1,0x9f,0x4f
400,0x18da10f1,0xfc,0xbd,0x4f,0xdd,0xe8,0x37,0xe4,0x47
410,0x456,0x34,0x97,0x27,0xf6,0xdb,0x8,0xcf,0x11
420,0x456,0x65,0x65,0x8d,0xce,0xf8,0x35,0xac,0x24
430,0x18da10f1,0x1,0x4b,0xb4,0xac,0xf4,0xaa,0x65,0x22
440,0x18daf110,0xf1,0xf0,0x7b,0xb8,0x8a,0x9c,0xf3,0xd1
450,0x18daf110,0x59,0xb7,0x23,0x14,0x1c,0x9a,0xb1,0x5c
460,0x18da10f1,0xba,0xed,0x8e,0xf4,0x90,0xd0,0xcc,0xa2
470,0x456,0x20,0x72,0x83,0x6d,0xbc,0x74,0x8d,0x8a
480,0x18da10f1,0x98,0x81,0x17,0x8a,0x7d,0x88,0xa1,0x74
490,0x123,0x3c,0x7e,0x7c,0x7f,0xca,0xde,0xd9,0xae
500,0x18da10f1,0x24,0xd4,0x3,0x95,0x91,0x4b,0x8a,0x8a
510,0x123,0xeb,0x56,0xbb,0x85,0x73,0xc2,0x6b,0xb3
520,0x18da10f1,0xce,0xb5,0x4e,0x92,0xd6,0x99,0x5d,0x62
530,0x123,0x31,0xf3,0x8a,0xb1,0x9e,0x72,0xeb,0x74
540,0x18da10f1,0x4c,0xe2,0x4c,0xa9,0x34,0x13,0x51,0xe
550,0x18da10f1,0x88,0xc4,0x39,0x6e,0x98,0x93,0xeb,0x2d
560,0x18daf110,0x23,0x96,0xc4,0x1a,0x62,0x35,0x98,0xe8
570,0x123,0xe7,0x5e,0x83,0xef,0x61,0xa6,0x2b,0xb2
580,0x123,0xff,0x84,0x82,0xae,0x1a,0x89,0x9d,0xfc
590,0x456,0x41,0x86,0x83,0xae,0xf1,0xe2,0xb9,0xe6
600,0x123,0xde,0x6f,0x63,0x3b,0x69,0x77,0x84,0xf9
610,0x123,0x79,0x84,0xc2,0x3e,0x56,0xca,0xf2,0x6f
620,0x456,0xaa,0x1d,0xe4,0xe3,0xf6,0x78,0xf1,0x2e
630,0x123,0xc2,0x80,0xb7,0xd8,0x3d,0x44,0x74,0x9b
640,0x18daf110,0x47,0x1d,0x79,0x15,0x89,0x36,0x6f,0x95
650,0x18daf110,0xeb,0xa3,0xf3,0x7d,0xb0,0x38,0x16,0x6c
660,0x123,0xc5,0xe7,0xab,0x31,0x1f,0x37,0xab,0x45
670,0x18da10f1,0x3f,0x32,0xe,0xd5,0x38,0xba,0x85,0xfc
680,0x18daf110,0xa6,0x69,0xb2,0xe8,0x1,0x48,0xcd,0xcb
690,0x18da10f1,0x2f,0xe,0x20,0xc8,0xe,0x53,0x86,0x42
700,0x456,0xa8,0xcd,0x91,0xdb,0xef,0x38,0x4c,0x1a
710,0x18daf110,0xdd,0x1b,0x80,0x6b,0x6e,0x42,0x40,0x68
720,0x18daf110,0x36,0xb9,0x30,0x7,0x45,0x5d,0x7c,0x15
730,0x123,0x4,0x2c,0xe9,0xc9,0x44,0x4f,0x52,0x9b
740,0x18daf110,0xde,0x7,0x2e,0xab,0x36,0x99,0xdd,0x8b
750,0x456,0x89,0xc,0x1d,0x57,0x77,0x56,0x43,0x28
760,0x456,0x8a,0x2e,0x92,0x75,0x6e,0xfd,0x98,0x79
770,0x18daf110,0xc0,0xe6,0x10,0x25,0xa1,0xc6,0x11,0x90
780,0x123,0x4a,0x1e,0xd3,0x6d,0xd3,0x38,0xba,0xd0
790,0x18da10f1,0x66,0x1a,0x62,0xa5,0x67,0xf7,0xaf,0x45
800,0x18daf110,0x50,0x21,0xe,0x72,0xd2,0x2f,0xf4,0x26
810,0x123,0x3,0xb,0x92,0x69,0x90,0xce,0xfa,0x3d
820,0x123,0xda,0x27,0xaf,0xb6,0x2c,0xaf,0x7c,0x5d
830,0x456,0x66,0xed,0xc3,0xc5,0x2a,0x82,0xd4,0x3a
840,0x456,0x60,0x44,0x15,0xb0,0x2c,0x63,0x2d,0x3d
850,0x18daf110,0x96,0xca,0xe7,0x0,0x70,0xe6,0xcb,0xf2
860,0x456,0x44,0xe6,0xbc,0xbf,0x0,0xd8,0x41,0xe9
870,0x18da10f1,0x2,0x9a,0x5d,0x28,0xf5,0x91,0x95,0xef
880,0x456,0xc8,0x1c,0xa3,0x23,0x97,0x9d,0xb1,0xfe
890,0x456,0xf3,0x91,0xe0,0x55,0x3c,0x62,0x28,0x48
900,0x18daf110,0x39,0xb1,0x64,0x5f,0x39,0xad,0x9c,0xfc
910,0x18daf110,0x5a,0xd1,0x87,0xfe,0xb4,0x2a,0x1d,0xa6
920,0x456,0x44,0x38,0x2f,0x11,0xaa,0x66,0x23,0x65
930,0x123,0x7d,0x3d,0x96,0x4,0x15,0x2a,0x8d,0xcb
940,0x18da10f1,0x7,0xc7,0x90,0x88,0xac,0x3f,0xca,0x79
950,0x456,0x95,0x2c,0x6,0xb9,0xb1,0x38,0xfe,0x9c
960,0x18daf110,0xd1,0xe6,0xd7,0xe3,0x9c,0x6c,0x8d,0x48
970,0x456,0xb6,0xc,0x7f,0xaf,0xaf,0xe8,0x84,0x2a
980,0x123,0xfc,0x4f,0xdc,0x10,0x40,0xc5,0xbf,0x87
990,0x18da10f1,0xed,0x22,0x49,0x6b,0x3c,0xb9,0x0,0xa4
1000,0x18da10f1,0x63,0x68,0x8d,0xd3,0xb5,0xfb,0x1a,0x88
1010,0x18da10f1,0x14,0x35,0xd1,0x76,0x2e,0xc1,0xf1,0x9a
1020,0x18daf110,0x86,0x9f,0x67,0x27,0x9a,0xe0,0xe1,0x25
1030,0x456,0x4a,0xbd,0xb,0x92,0xa2,0x4c,0xf9,0x4b
1040,0x18daf110,0x19,0xe3,0x3,0xc4,0x6b,0x2f,0x23,0x36
1050,0x18da10f1,0x7c,0x54,0x98,0x55,0xf0,0x30,0x3b,0x4b
1060,0x18da10f1,0x9d,0xf0,0x58,0x3c,0xe2,0x29,0x67,0xa6
1070,0x18da10f1,0x40,0xc6,0xf3,0x83,0x0,0xb2,0x92,0x6a
1080,0x18da10f1,0xcf,0x87,0x85,0x3a,0x3e,0x49,0x66,0xb8
1090,0x123,0x35,0x1f,0x20,0xe7,0xf7,0x9b,0xc0,0x1f
1100,0x18da10f1,0x5d,0xaa,0xca,0x81,0xa6,0x9d,0x63,0x76
1110,0x18daf110,0x8b,0x72,0xb4,0xf3,0x2c,0x8,0x2f,0x7b
1120,0x456,0xb1,0x24,0xdb,0x39,0x49,0xc8,0xa2,0x9e
1130,0x123,0x2a,0xb,0xe8,0x8f,0x39,0x87,0xc7,0x21
1140,0x18daf110,0xb5,0x3e,0x9b,0xf8,0xf,0x74,0x89,0x67
1150,0x123,0xa8,0x8,0x6f,0xfc,0x24,0x26,0xed,0x5e
1160,0x123,0xe1,0x3e,0x9a,0xd2,0xf4,0x14,0x70,0xef
1170,0x18daf110,0x6f,0x2c,0xa1,0x24,0x79,0xf2,0x4d,0xfc
1180,0x18da10f1,0x6,0x1e,0x82,0x80,0xab,0xb9,0x87,0xa4
1190,0x18da10f1,0xb2,0xb0,0x18,0x80,0xbe,0x37,0x6f,0xf1
1200,0x18da10f1,0x7c,0x72,0xc,0xb,0xe5,0xfd,0x9b,0xc4
1210,0x18daf110,0x61,0xbb,0xce,0x56,0xf8,0x11,0x2e,0x60
1220,0x123,0x27,0xb4,0x6c,0xeb,0x28,0x4c,0x2c,0xbd
1230,0x18da10f1,0x3f,0xd1,0x10,0xca,0x4f,0xe4,0x6a,0x21
1240,0x123,0xe8,0xba,0x72,0x22,0x33,0xe6,0xa3,0x88
1250,0x18da10f1,0xa0,0xb2,0xdd,0xe9,0xa2,0x73,0xe7,0x36
1260,0x18daf110,0x81,0xd1,0x3d,0x7c,0x77,0x7f,0xa9,0xdc
1270,0x456,0x19,0x68,0x7a,0x50,0xe7,0x12,0x2,0xf4
1280,0x18daf110,0xbd,0x9f,0x4d,0x58,0xd0,0xa2,0x76,0x93
1290,0x18daf110,0xb9,0x16,0x45,0x99,0xc2,0xa0,0x6b,0x0
1300,0x18daf110,0x42,0x8a,0x6c,0x42,0xd8,0x6,0xd6,0x0
1310,0x456,0x7b,0xcd,0x44,0xa,0x94,0xbd,0x8e,0x91
1320,0x123,0xe,0x69,0xb1,0xf5,0xc7,0x40,0x89,0xb9
1330,0x18daf110,0x61,0x85,0xfe,0x6d,0x6c,0xdf,0xc0,0x44
1340,0x18daf110,0x54,0x32,0x22,0x22,0x1f,0x73,0xba,0x4d
1350,0x18da10f1,0xfe,0xed,0xb,0x73,0x59,0x2e,0x65,0xc4
1360,0x18da10f1,0x68,0xb,0xcd,0x31,0xb3,0xb2,0x24,0x32
1370,0x456,0x26,0x9,0x8e,0xc2,0xd3,0x49,0xa4,0x31
1380,0x123,0x61,0xf,0xff,0x1c,0xe0,0x13,0x2b,0x5a
1390,0x18daf110,0x5e,0xf6,0x1a,0x84,0x30,0x3a,0xf1,0xa2
1400,0x18da10f1,0x82,0xbb,0x86,0x37,0xca,0x73,0xe3,0x63
1410,0x18da10f1,0xb4,0xee,0xe3,0x81,0x95,0x22,0x7b,0x6e
1420,0x18daf110,0xd1,0x87,0xf,0x9,0xf3,0x24,0xfc,0x44
1430,0x18da10f1,0x99,0xfc,0x33,0x8e,0x47,0xd0,0x35,0x2e
1440,0x123,0xb,0xd0,0x75,0xcf,0x76,0xfa,0xe8,0x91
1450,0x18daf110,0x75,0x68,0x28,0x15,0x18,0xe9,0x81,0xfe
1460,0x456,0xfe,0x3c,0xde,0xe4,0x29,0xa9,0xb7,0x8e
1470,0x123,0x22,0x29,0xd7,0xfa,0xb9,0x66,0x1e,0x9f
1480,0x123,0x1b,0x4,0x13,0xae,0xa8,0xb9,0x1d,0xdc
1490,0x18daf110,0x29,0x7d,0x6a,0xd0,0x24,0x26,0x66,0xd1
1500,0x18da10f1,0xa9,0x52,0xdf,0x9d,0x5a,0xa3,0x58,0x56
1510,0x456,0x60,0xf5,0x26,0x7b,0xa7,0xa9,0x4,0x80
1520,0x123,0x33,0xb0,0xf4,0x66,0xf2,0xf9,0x7,0xc3
1530,0x18daf110,0x70,0x8f,0xde,0x87,0x24,0x12,0x58,0xbe
1540,0x456,0x79,0x8b,0x8e,0xa,0xde,0x26,0x6e,0x83
1550,0x18daf110,0xb1,0xe2,0x27,0x3,0x75,0x78,0x2d,0x90
1560,0x123,0x43,0x42,0xc3,0x5f,0x52,0x5c,0x99,0xba
1570,0x18daf110,0x12,0xdd,0x50,0xe6,0xe1,0x80,0xe4,0x3d
1580,0x123,0xa1,0xa6,0xdd,0xae,0xd9,0x36,0x80,0x97
1590,0x18daf110,0xe9,0x24,0x50,0x23,0x3f,0x84,0x6f,0xaf
1600,0x18da10f1,0x70,0x0,0xb7,0xb7,0x30,0x75,0x64,0xab
1610,0x18daf110,0xb1,0xe1,0x4a,0x5f,0x9d,0xe4,0x45,0x80
1620,0x18daf110,0xe4,0x82,0x87,0x81,0x46,0xe1,0xe5,0xc0
1630,0x18daf110,0x22,0xfd,0x51,0xd4,0xde,0x77,0x83,0xcb
1640,0x456,0x36,0x84,0x8f,0x53,0x64,0xe5,0x16,0x78
1650,0x18daf110,0x19,0x2d,0x57,0x56,0x84,0x2a,0x49,0x9c
1660,0x456,0x41,0x61,0x6e,0x61,0x84,0x70,0x98,0xc0
1670,0x18daf110,0x5d,0x3c,0xbd,0xf1,0x44,0xb5,0xd4,0x3
1680,0x456,0x4f,0xd3,0x29,0x37,0x50,0x9d,0x4c,0xee
1690,0x18da10f1,0x1c,0x31,0xb6,0xbc,0x58,0x69,0x1f,0x7a
1700,0x18daf110,0x28,0xb,0x9,0x2d,0xd6,0xb9,0xb3,0x58
1710,0x123,0x91,0x12,0xf,0xc9,0x96,0xa2,0x3e,0x95
1720,0x18da10f1,0xdd,0xcf,0xb3,0x36,0x12,0x64,0x20,0x49
1730,0x456,0xb4,0x10,0xa2,0xa9,0x26,0xcc,0xd7,0x74
1740,0x18da10f1,0x5d,0x53,0x90,0x72,0xc7,0x18,0x53,0xaf
1750,0x456,0xe6,0xef,0xb6,0xd,0x7b,0x82,0xd4,0xec
1760,0x18daf110,0xc3,0x68,0x26,0xc6,0x86,0x10,0x84,0x2f
1770,0x18da10f1,0x41,0x6e,0xc0,0x6c,0x54,0xc5,0xe2,0x2
1780,0x18daf110,0xf3,0xa2,0x6c,0x9c,0xf7,0x5c,0xa9,0xd6
1790,0x123,0xa,0xae,0x68,0x1f,0x9e,0x20,0xf5,0x25
1800,0x456,0x9c,0xdd,0x3d,0x6d,0x5e,0xc0,0x5d,0x80
1810,0x123,0xcf,0xf3,0xbd,0xc1,0x30,0x21,0x7e,0x5f
1820,0x18da10f1,0x18,0x4,0x5f,0x8f,0xa3,0xd8,0x31,0x39
1830,0x123,0xa7,0xe4,0x78,0x76,0xc1,0x20,0xe2,0xe8
1840,0x18daf110,0x96,0xd7,0xa8,0x7f,0x11,0x30,0xbd,0xc5
1850,0x18daf110,0xb3,0x92,0x93,0xb0,0x17,0x99,0x50,0x8c
1860,0x456,0x2f,0x69,0xe1,0x55,0x41,0xbf,0x6b,0x4d
1870,0x18da10f1,0x14,0xb8,0xaf,0xf3,0x92,0x6,0x5e,0x8b
1880,0x18daf110,0xcc,0x31,0xd0,0x4a,0x99,0x7f,0xfa,0xa9
1890,0x18daf110,0xd8,0x77,0xf1,0x72,0x3e,0xee,0xe3,0x89
1900,0x456,0x68,0x7d,0x1b,0xfb,0x8c,0xcc,0x5f,0xfb
1910,0x456,0x9b,0xe0,0x5,0x82,0x17,0x22,0x4c,0x74
1920,0x18daf110,0x76,0xde,0x1d,0x22,0x1e,0x1f,0x17,0xc0
1930,0x18daf110,0x24,0xa9,0x65,0x2f,0x87,0xf2,0x79,0x44
1940,0x18daf110,0x40,0xe0,0x1b,0x14,0xd8,0x5f,0xd0,0x9d
1950,0x456,0xd4,0xdd,0xde,0xe8,0x16,0x53,0x45,0xa7
1960,0x18da10f1,0x7,0xd0,0x50,0x43,0xfa,0xd9,0xa0,0xf8
1970,0x123,0x6e,0x17,0x79,0x21,0x94,0x6d,0xff,0x0
1980,0x456,0x4d,0x1d,0xab,0x42,0x49,0x18,0x33,0x52
1990,0x123,0x99,0x80,0xf4,0x45,0x46,0x31,0xa5,0x81
9999,0x18DAF110,0xa5,0x83,0xb4,0xc7